Date,Total,day,holiday,holiday_type,before_cases,after_cases
1/30/2020,1,Thursday,Basant Panchami / Sri Panchami (R),Restricted,0,0
1/31/2020,1,NA,NA,NA,0,0
2/1/2020,2,NA,NA,NA,0,0
2/2/2020,3,NA,NA,NA,0,0
2/3/2020,3,NA,NA,NA,0,0
2/4/2020,3,NA,NA,NA,0,0
2/5/2020,3,NA,NA,NA,0,0
2/6/2020,3,NA,NA,NA,0,0
2/7/2020,3,NA,NA,NA,0,0
2/8/2020,3,NA,NA,NA,0,0
2/9/2020,3,Sunday,Guru Ravidas's Birthday (R),Restricted,28,264
2/10/2020,3,NA,NA,NA,30,316
2/11/2020,3,NA,NA,NA,32,370
2/12/2020,3,NA,NA,NA,33,438
2/13/2020,3,NA,NA,NA,33,514
2/14/2020,3,NA,NA,NA,33,587
2/15/2020,3,NA,NA,NA,33,683
2/16/2020,3,NA,NA,NA,33,783
2/17/2020,3,NA,NA,NA,33,0
2/18/2020,3,Tuesday,Swami Dayananda Saraswati Jayanti (R),Restricted,55,903
2/19/2020,3,Wednesday,Shivaji Jayanti (R),Restricted,57,1040
2/20/2020,3,NA,NA,NA,59,1194
2/21/2020,3,Friday,Maha Shivaratri (R),Restricted,60,1395
2/22/2020,3,NA,NA,NA,60,1656
2/23/2020,3,NA,NA,NA,60,1996
2/24/2020,3,NA,NA,NA,60,2409
2/25/2020,3,NA,NA,NA,60,2894
2/26/2020,3,NA,NA,NA,60,3464
2/27/2020,3,NA,NA,NA,60,4125
2/28/2020,3,NA,NA,NA,60,4796
2/29/2020,3,NA,NA,NA,60,5641
3/1/2020,3,NA,NA,NA,60,6593
3/2/2020,5,NA,NA,NA,62,7770
3/3/2020,3,NA,NA,NA,62,9073
3/4/2020,25,NA,NA,NA,84,10801
3/5/2020,27,NA,NA,NA,108,12742
3/6/2020,28,NA,NA,NA,133,15161
3/7/2020,31,NA,NA,NA,161,18067
3/8/2020,36,NA,NA,NA,194,21421
3/9/2020,43,Monday,Holika Dahan/Dolyatra/Hazarat Ali's Birthday (R),Restricted,264,40586
3/10/2020,55,Tuesday,Holi (G),Gazetted,316,46994
3/11/2020,57,NA,NA,NA,370,54057
3/12/2020,71,NA,NA,NA,438,61955
3/13/2020,79,NA,NA,NA,514,70580
3/14/2020,76,NA,NA,NA,587,80479
3/15/2020,99,NA,NA,NA,683,91384
3/16/2020,103,NA,NA,NA,783,102949
3/17/2020,126,NA,NA,NA,906,115366
3/18/2020,140,NA,NA,NA,1043,128505
3/19/2020,157,NA,NA,NA,1197,142698
3/20/2020,204,NA,NA,NA,1398,157914
3/21/2020,264,NA,NA,NA,1659,174038
3/22/2020,343,NA,NA,NA,1999,190937
3/23/2020,416,NA,NA,NA,2412,208655
3/24/2020,488,NA,NA,NA,2897,227600
3/25/2020,573,Wednesday,Chaitra Sukladi/Gudi Padava/Ugadi/Cheti Chand (R),Restricted,3467,247574
3/26/2020,664,NA,NA,NA,0,268518
3/27/2020,674,NA,NA,NA,0,290538
3/28/2020,848,NA,NA,NA,0,313608
3/29/2020,955,NA,NA,NA,0,337680
3/30/2020,1180,NA,NA,NA,0,362757
3/31/2020,1308,NA,NA,NA,0,388636
4/1/2020,1731,NA,NA,NA,0,415752
4/2/2020,1966,Thursday,Ram Navami (G),Gazetted,12775,444564
4/3/2020,2446,NA,NA,NA,0,475061
4/4/2020,2934,NA,NA,NA,0,507748
4/5/2020,3385,NA,NA,NA,0,541716
4/6/2020,4073,Monday,Mahavir Jayanti (G),Gazetted,0,577799
4/7/2020,4560,NA,NA,NA,0,615414
4/8/2020,5012,NA,NA,NA,0,654650
4/9/2020,5556,NA,NA,NA,0,695328
4/10/2020,6451,Friday,Good Friday (G),Gazetted,6421,738213
4/11/2020,7118,NA,NA,NA,0,782356
4/12/2020,7955,Sunday,Easter Sunday (R),Restricted,7925,827548
4/13/2020,8696,Monday,Vaisakhi/Vishu (R),Restricted,8666,873910
4/14/2020,9978,Tuesday,Mesadi/Vaisakhadi (Bengal)/Bahag Bihu (Assam) (R),Restricted,9948,921913
4/15/2020,10981,NA,NA,NA,10951,970244
4/16/2020,11664,NA,NA,NA,11634,1018663
4/17/2020,12520,NA,NA,NA,12490,1068963
4/18/2020,13265,NA,NA,NA,13235,1120757
4/19/2020,14333,NA,NA,NA,14303,1175247
4/20/2020,15373,NA,NA,NA,15343,1231408
4/21/2020,16328,NA,NA,NA,16298,1289531
4/22/2020,17163,NA,NA,NA,17133,1350240
4/23/2020,18061,NA,NA,NA,18031,1414371
4/24/2020,19361,NA,NA,NA,19331,1481455
4/25/2020,20462,NA,NA,NA,20432,1551150
4/26/2020,21517,NA,NA,NA,21487,1622366
4/27/2020,22684,NA,NA,NA,22654,1696021
4/28/2020,23744,NA,NA,NA,23714,1772736
4/29/2020,24920,NA,NA,NA,24890,1845356
4/30/2020,26032,NA,NA,NA,26002,1920759
5/1/2020,27059,NA,NA,NA,27029,1998837
5/2/2020,28424,NA,NA,NA,28394,2080555
5/3/2020,30543,NA,NA,NA,30513,2165258
5/4/2020,32463,NA,NA,NA,32433,2253602
5/5/2020,35133,NA,NA,NA,35103,2344795
5/6/2020,36902,NA,NA,NA,36872,2438888
5/7/2020,39468,Thursday,Buddha Purnima (G),Gazetted,39438,2536250
5/8/2020,41688,Friday,Guru Rabindranath's Birthday (R),Restricted,41658,2636433
5/9/2020,43796,NA,NA,NA,43766,2739594
5/10/2020,45690,NA,NA,NA,45660,2844920
5/11/2020,48441,NA,NA,NA,48411,2952882
5/12/2020,50594,NA,NA,NA,50564,3063279
5/13/2020,52310,NA,NA,NA,52280,3176232
5/14/2020,54317,NA,NA,NA,54287,3291660
5/15/2020,56699,NA,NA,NA,56669,3409489
5/16/2020,58309,NA,NA,NA,58279,3525768
5/17/2020,59400,NA,NA,NA,59370,3646492
5/18/2020,61964,NA,NA,NA,61934,3771950
5/19/2020,64314,NA,NA,NA,64284,3898380
5/20/2020,67755,NA,NA,NA,67725,4028231
5/21/2020,70494,NA,NA,NA,70464,4156435
5/22/2020,73496,Friday,Jamat-Ul-Vida (R),Restricted,73466,4287726
5/23/2020,77037,NA,NA,NA,77007,4420266
5/24/2020,81294,NA,NA,NA,81264,4555203
5/25/2020,85145,Monday,Id-ul- Fitr (G),Gazetted,85115,4690211
5/26/2020,89056,NA,NA,NA,89026,4825131
5/27/2020,91678,NA,NA,NA,91648,4964832
5/28/2020,95172,NA,NA,NA,95142,5108395
5/29/2020,99399,NA,NA,NA,99369,5256293
5/30/2020,96364,NA,NA,NA,96334,5405805
5/31/2020,100323,NA,NA,NA,100293,5564355
6/1/2020,104110,NA,NA,NA,104080,5726647
6/2/2020,108777,NA,NA,NA,108747,5886402
6/3/2020,113127,NA,NA,NA,113097,6050368
6/4/2020,118887,NA,NA,NA,118857,6220591
6/5/2020,123656,NA,NA,NA,123626,6394377
6/6/2020,129226,NA,NA,NA,129196,6570598
6/7/2020,134264,NA,NA,NA,134234,6747600
6/8/2020,139651,NA,NA,NA,139621,6925383
6/9/2020,144849,NA,NA,NA,144819,7105622
6/10/2020,149122,NA,NA,NA,149092,7288426
6/11/2020,153652,NA,NA,NA,153622,7476910
6/12/2020,158838,NA,NA,NA,158808,7671215
6/13/2020,163547,NA,NA,NA,163517,7871396
6/14/2020,167738,NA,NA,NA,167708,8076307
6/15/2020,172146,NA,NA,NA,172116,8289545
6/16/2020,172978,NA,NA,NA,172948,8511076
6/17/2020,179033,NA,NA,NA,179003,8749336
6/18/2020,184858,NA,NA,NA,184828,8997314
6/19/2020,188394,NA,NA,NA,188364,9257909
6/20/2020,194165,NA,NA,NA,194135,9528212
6/21/2020,195959,NA,NA,NA,195929,9802644
6/22/2020,201785,NA,NA,NA,201755,10092574
6/23/2020,206036,Tuesday,Rath Yatra (R),Restricted,206006,10392126
6/24/2020,211974,NA,NA,NA,211944,10704877
6/25/2020,216302,NA,NA,NA,216272,11024911
6/26/2020,220065,NA,NA,NA,220035,11359265
6/27/2020,228757,NA,NA,NA,228727,11703038
6/28/2020,235241,NA,NA,NA,235211,12052114
6/29/2020,243070,NA,NA,NA,243040,12415051
6/30/2020,248911,NA,NA,NA,248881,12788793
7/1/2020,254914,NA,NA,NA,254884,13178007
7/2/2020,262615,NA,NA,NA,262585,13565551
7/3/2020,263865,NA,NA,NA,263835,13958563
7/4/2020,272743,NA,NA,NA,272713,14358872
7/5/2020,283350,NA,NA,NA,283320,14751963
7/6/2020,292673,NA,NA,NA,292643,15145512
7/7/2020,299877,NA,NA,NA,299847,15543393
7/8/2020,306228,NA,NA,NA,306198,15947640
7/9/2020,312047,NA,NA,NA,312017,16356917
7/10/2020,319890,NA,NA,NA,319860,16768587
7/11/2020,327653,NA,NA,NA,327623,17179140
7/12/2020,337606,NA,NA,NA,337576,17587617
7/13/2020,347957,NA,NA,NA,347927,17997699
7/14/2020,359019,NA,NA,NA,358989,18407417
7/15/2020,368458,NA,NA,NA,368428,18814690
7/16/2020,380976,NA,NA,NA,380946,19223636
7/17/2020,393677,NA,NA,NA,393647,19621402
7/18/2020,411238,NA,NA,NA,411208,20004485
7/19/2020,427011,NA,NA,NA,426981,20375539
7/20/2020,445453,NA,NA,NA,445423,20742655
7/21/2020,458697,NA,NA,NA,458667,21098928
7/22/2020,468597,NA,NA,NA,468567,21449149
7/23/2020,485889,NA,NA,NA,485859,21801632
7/24/2020,501337,NA,NA,NA,501307,22141598
7/25/2020,518787,NA,NA,NA,518757,22461389
7/26/2020,532008,NA,NA,NA,531978,22768767
7/27/2020,550656,NA,NA,NA,550626,23083694
7/28/2020,563838,NA,NA,NA,563808,23398119
7/29/2020,577833,NA,NA,NA,577803,23711805
7/30/2020,598178,NA,NA,NA,598148,24026270
7/31/2020,616812,NA,NA,NA,616782,24339005
8/1/2020,638125,Saturday,Id-ul-Zuha (Bakrid) (G),Gazetted,638095,24638765
8/2/2020,642458,NA,NA,NA,642428,24934588
8/3/2020,655627,Monday,Raksha Bandhan (R),Restricted,655597,25242420
8/4/2020,664174,NA,NA,NA,664144,25554861
8/5/2020,665834,NA,NA,NA,665804,25876204
8/6/2020,676899,NA,NA,NA,676869,26213942
8/7/2020,690554,NA,NA,NA,690524,26562869
8/8/2020,704124,NA,NA,NA,704094,26901562
8/9/2020,715505,NA,NA,NA,715475,27242612
8/10/2020,723717,NA,NA,NA,723687,27596249
8/11/2020,730443,Tuesday,Janmashtami (Smarta) (R),Restricted,730413,27968554
8/12/2020,736130,Wednesday,Janmashtami (G),Gazetted,736100,28351371
8/13/2020,747688,NA,NA,NA,747658,28745588
8/14/2020,757675,NA,NA,NA,757645,29143942
8/15/2020,766292,Saturday,Independence day (G),Gazetted,766262,29537880
8/16/2020,777404,Sunday,Parsi New Year's day/ Nauraj (R),Restricted,777374,29931653
8/17/2020,778742,NA,NA,NA,778712,30330621
8/18/2020,776760,NA,NA,NA,776730,30738377
8/19/2020,782292,NA,NA,NA,782262,31146819
8/20/2020,794127,NA,NA,NA,794097,31548855
8/21/2020,801726,NA,NA,NA,801696,31933791
8/22/2020,808918,Saturday,Vinayaka Chaturthi/Ganesh Chaturthi (R),Restricted,808888,32285796
8/23/2020,821080,NA,NA,NA,821050,32625295
8/24/2020,825855,NA,NA,NA,825825,32952895
8/25/2020,821128,NA,NA,NA,821098,33281736
8/26/2020,826165,NA,NA,NA,826135,33608335
8/27/2020,846935,NA,NA,NA,846905,33927578
8/28/2020,865081,NA,NA,NA,865051,34234367
8/29/2020,877524,NA,NA,NA,877494,34509498
8/30/2020,892298,Sunday,Muharram (G),Gazetted,892268,34767409
8/31/2020,910913,Monday,Onam or Thiru Onam Day (R),Restricted,910883,35013172
9/1/2020,916572,NA,NA,NA,916542,35244022
9/2/2020,933948,NA,NA,NA,933918,35474130
9/3/2020,950290,NA,NA,NA,950260,35681371
9/4/2020,968068,NA,NA,NA,968038,35870878
9/5/2020,985517,NA,NA,NA,985487,36028971
9/6/2020,1003572,NA,NA,NA,1003542,36160447
9/7/2020,1025826,NA,NA,NA,1025796,36270352
9/8/2020,1029247,NA,NA,NA,1029217,36351098
9/9/2020,1045174,NA,NA,NA,1045144,36419868
9/10/2020,1069142,NA,NA,NA,1069112,36458858
9/11/2020,1096022,NA,NA,NA,1095992,36469869
9/12/2020,1113260,NA,NA,NA,1113230,36432288
9/13/2020,1130347,NA,NA,NA,1130317,36367076
9/14/2020,1146042,NA,NA,NA,1146012,36271651
9/15/2020,1151613,NA,NA,NA,1151583,36154459
9/16/2020,1160065,NA,NA,NA,1160035,36023929
9/17/2020,1176372,NA,NA,NA,1176342,35875237
9/18/2020,1186498,NA,NA,NA,1186468,35700140
9/19/2020,1185202,NA,NA,NA,1185172,35492574
9/20/2020,1184328,NA,NA,NA,1184298,35279290
9/21/2020,1179063,NA,NA,NA,1179033,35044006
9/22/2020,1153731,NA,NA,NA,1153701,34795064
9/23/2020,1148417,NA,NA,NA,1148387,34557925
9/24/2020,1148680,NA,NA,NA,1148650,34314730
9/25/2020,1154696,NA,NA,NA,1154666,34057795
9/26/2020,1147727,NA,NA,NA,1147697,33767960
9/27/2020,1145408,NA,NA,NA,1145378,33471056
9/28/2020,1153724,NA,NA,NA,1153694,33170389
9/29/2020,1140212,NA,NA,NA,1140182,32853231
9/30/2020,1135435,NA,NA,NA,1135405,32538950
10/1/2020,1138061,NA,NA,NA,1138031,32218195
10/2/2020,1141763,Friday,Mahatma Gandhi's Birthday (G),Gazetted,1141733,31887256
10/3/2020,1146680,NA,NA,NA,1146650,31533092
10/4/2020,1141189,NA,NA,NA,1141159,31167421
10/5/2020,1139797,NA,NA,NA,1139767,30802824
10/6/2020,1126161,NA,NA,NA,1126131,30433770
10/7/2020,1116993,NA,NA,NA,1116963,30075365
10/8/2020,1113477,NA,NA,NA,1113447,29723279
10/9/2020,1106572,NA,NA,NA,1106542,29372697
10/10/2020,1098017,NA,NA,NA,1097987,29021457
10/11/2020,1084164,NA,NA,NA,1084134,28673239
10/12/2020,1080153,NA,NA,NA,1080123,28334611
10/13/2020,1058441,NA,NA,NA,1058411,27996341
10/14/2020,1048048,NA,NA,NA,1048018,27676995
10/15/2020,1034922,NA,NA,NA,1034892,27367433
10/16/2020,1028850,NA,NA,NA,1028820,27058129
10/17/2020,1021083,NA,NA,NA,1021053,26743718
10/18/2020,1011373,NA,NA,NA,1011343,26431426
10/19/2020,1001275,NA,NA,NA,1001245,26126512
10/20/2020,978932,NA,NA,NA,978902,25833355
10/21/2020,971918,NA,NA,NA,971888,25559622
10/22/2020,949044,NA,NA,NA,949014,25295120
10/23/2020,930121,Friday,Dussehra (Maha Saptami) (Additional) (R),Restricted,930091,25057038
10/24/2020,916592,Saturday,Dussehra (Maha Ashtami) (Maha Navmi) (Additional) (R),Restricted,916562,24834020
10/25/2020,905222,Sunday,Dussehra (G),Gazetted,905192,24631572
10/26/2020,891745,Monday,"Vijay Dashmi (Bengal, Kerala) (R)",Restricted,891715,24449140
10/27/2020,864861,NA,NA,NA,864831,24284380
10/28/2020,850823,NA,NA,NA,850793,24146859
10/29/2020,844741,NA,NA,NA,844711,24023384
10/30/2020,836566,Friday,Milad-un-Nabi or Id-e-Milad (Birthday of Prophet Mohammad) (G),Gazetted,836536,23899873
10/31/2020,825931,Saturday,Maharishi Valmiki's Birthday (R),Restricted,825901,23774152
11/1/2020,814680,NA,NA,NA,814650,23653109
11/2/2020,807122,NA,NA,NA,807092,23538668
11/3/2020,787599,NA,NA,NA,787569,23426004
11/4/2020,781009,Wednesday,Karaka Chaturthi (Karva Chouth) (R),Restricted,780979,23327494
11/5/2020,776592,NA,NA,NA,776562,23230097
11/6/2020,770743,NA,NA,NA,770713,23131380
11/7/2020,767756,NA,NA,NA,767726,23026419
11/8/2020,764907,NA,NA,NA,764877,22920292
11/9/2020,762895,NA,NA,NA,762865,22811222
11/10/2020,755332,NA,NA,NA,755302,22696448
11/11/2020,749799,NA,NA,NA,749769,22586191
11/12/2020,745536,NA,NA,NA,745506,22478976
11/13/2020,741883,NA,NA,NA,741853,22372736
11/14/2020,739095,Saturday,Naraka Chaturdasi (R),Restricted,739065,22258030
11/15/2020,738486,Sunday,Govardhan Puja (R),Restricted,738456,22139129
11/16/2020,725618,Monday,Bhai Duj (R),Restricted,725588,22011911
11/17/2020,714439,NA,NA,NA,714409,21889702
11/18/2020,708791,NA,NA,NA,708761,21774286
11/19/2020,706459,NA,NA,NA,706429,21661793
11/20/2020,708118,Friday,Pratihar Sashthi or Surya Sashthi (Chhat Puja) (R),Restricted,708088,21553177
11/21/2020,705199,NA,NA,NA,705169,21423013
11/22/2020,707416,NA,NA,NA,707386,21299942
11/23/2020,710962,NA,NA,NA,710932,21169887
11/24/2020,707103,Tuesday,Guru Teg Bahadur's Martyrdom Day (R),Restricted,707073,21035028
11/25/2020,714144,NA,NA,NA,714114,20904278
11/26/2020,722790,NA,NA,NA,722760,20764068
11/27/2020,726985,NA,NA,NA,726955,20614381
11/28/2020,727340,NA,NA,NA,727310,20452283
11/29/2020,727348,NA,NA,NA,727318,20284093
11/30/2020,721230,Monday,Guru Nanak's Birthday (G),Gazetted,721200,20111877
12/1/2020,710845,NA,NA,NA,710815,19942889
12/2/2020,704888,NA,NA,NA,704858,19780663
12/3/2020,700239,NA,NA,NA,700209,19621865
12/4/2020,694458,NA,NA,NA,694428,19464877
12/5/2020,689089,NA,NA,NA,689059,19301155
12/6/2020,683612,NA,NA,NA,683582,19139840
12/7/2020,677875,NA,NA,NA,677845,18984983
12/8/2020,665782,NA,NA,NA,665752,18833697
12/9/2020,661629,NA,NA,NA,661599,18693701
12/10/2020,655837,NA,NA,NA,655807,18557405
12/11/2020,648121,NA,NA,NA,648091,18426414
12/12/2020,645075,NA,NA,NA,645045,18297505
12/13/2020,642584,NA,NA,NA,642554,18169995
12/14/2020,639296,NA,NA,NA,639266,18044468
12/15/2020,627177,NA,NA,NA,627147,17922035
12/16/2020,620194,NA,NA,NA,620164,17810077
12/17/2020,611268,NA,NA,NA,611238,17703257
12/18/2020,603409,NA,NA,NA,603379,17604839
12/19/2020,599023,NA,NA,NA,598993,17507070
12/20/2020,596298,NA,NA,NA,596268,17410684
12/21/2020,597843,NA,NA,NA,597813,17312432
12/22/2020,577954,NA,NA,NA,577924,17209341
12/23/2020,582128,NA,NA,NA,582098,17123417
12/24/2020,577361,Thursday,Christmas Eve (R),Restricted,577331,17032375
12/25/2020,576103,Friday,Christmas Day (G),Gazetted,576073,16940581
12/26/2020,576353,NA,NA,NA,576323,16848918
12/27/2020,573934,NA,NA,NA,573904,16756511
12/28/2020,573103,NA,NA,NA,573073,16664011
12/29/2020,564887,NA,NA,NA,564857,16570614
12/30/2020,559150,NA,NA,NA,559120,16483845
12/31/2020,555132,NA,NA,NA,555102,16402027
1/1/2021,552242,Friday,New Year's Day (R),Restricted,552212,16322935
1/2/2021,548619,NA,NA,NA,548589,16243018
1/3/2021,546090,NA,NA,NA,546060,16163648
1/4/2021,543251,NA,NA,NA,543221,16081989
1/5/2021,530736,NA,NA,NA,530706,15999844
1/6/2021,527774,NA,NA,NA,527744,15927534
1/7/2021,528755,NA,NA,NA,528725,15858518
1/8/2021,526589,NA,NA,NA,526559,15788532
1/9/2021,525786,NA,NA,NA,525756,15715884
1/10/2021,525333,NA,NA,NA,525303,15642113
1/11/2021,524846,NA,NA,NA,524816,15566235
1/12/2021,519212,NA,NA,NA,519182,15488209
1/13/2021,517565,Wednesday,Lohri (R),Restricted,517535,15416668
1/14/2021,517057,Thursday,Makar Sankranti/Pongal (R),Restricted,517027,15347954
1/15/2021,516863,NA,NA,NA,516833,15281998
1/16/2021,515219,NA,NA,NA,515189,15213633
1/17/2021,513374,NA,NA,NA,513344,15146789
1/18/2021,512850,NA,NA,NA,512820,15077063
1/19/2021,505640,NA,NA,NA,505610,15015977
1/20/2021,502637,Wednesday,Guru Gobind Singh's Birthday (R),Restricted,502607,14965888
1/21/2021,498046,NA,NA,NA,498016,14921489
1/22/2021,494752,NA,NA,NA,494722,14886268
1/23/2021,492030,NA,NA,NA,492000,14851748
1/24/2021,491086,NA,NA,NA,491056,14832231
1/25/2021,485567,NA,NA,NA,485537,14806263
1/26/2021,484440,Tuesday,Republic Day (G),Gazetted,484410,14790332
1/27/2021,483946,NA,NA,NA,483916,14779358
1/28/2021,481434,NA,NA,NA,481404,14774025
1/29/2021,479706,NA,NA,NA,479676,14774440
1/30/2021,478118,NA,NA,NA,478088,14777588
1/31/2021,477332,NA,NA,NA,477302,14773377
2/1/2021,476040,NA,NA,NA,476010,14784328
2/2/2021,472325,NA,NA,NA,472295,14799703
2/3/2021,469249,NA,NA,NA,469219,14822994
2/4/2021,464431,NA,NA,NA,464401,14853780
2/5/2021,461106,NA,NA,NA,461076,14893802
2/6/2021,458426,NA,NA,NA,458396,14922104
2/7/2021,458758,NA,NA,NA,458728,14964402
2/8/2021,458769,NA,NA,NA,458739,15006368
2/9/2021,453941,NA,NA,NA,453911,15053203
2/10/2021,452015,NA,NA,NA,451985,15118176
2/11/2021,449455,NA,NA,NA,449425,15193919
2/12/2021,446820,NA,NA,NA,446790,15281176
2/13/2021,447671,NA,NA,NA,447641,15375500
2/14/2021,448851,NA,NA,NA,448821,15480323
2/15/2021,451101,NA,NA,NA,451071,15602268
2/16/2021,448498,Tuesday,Basant Panchami / Sri Panchami (R),Restricted,448468,15741189
2/17/2021,448375,NA,NA,NA,448345,15900201
2/18/2021,443648,NA,NA,NA,443618,16080423
2/19/2021,451764,Friday,Shivaji Jayanti (R),Restricted,451734,16291355
2/20/2021,455551,NA,NA,NA,455521,16505300
2/21/2021,458238,NA,NA,NA,458208,16739088
2/22/2021,462825,NA,NA,NA,462795,16997426
2/23/2021,460232,NA,NA,NA,460202,17277565
2/24/2021,472513,NA,NA,NA,472483,17592460
2/25/2021,465118,NA,NA,NA,465088,17929361
2/26/2021,469636,Friday,Hazarat Ali's Birthday (R),Restricted,469606,18309737
2/27/2021,473466,Saturday,Guru Ravidas's Birthday (R),Restricted,473436,18705049
2/28/2021,478613,NA,NA,NA,478583,19109085
3/1/2021,481849,NA,NA,NA,481819,19544857
3/2/2021,482854,NA,NA,NA,482824,20004496
3/3/2021,473907,NA,NA,NA,473877,20508771
3/4/2021,488283,NA,NA,NA,488253,21055707
3/5/2021,491415,NA,NA,NA,491385,21639456
3/6/2021,495616,NA,NA,NA,495586,22267358
3/7/2021,500035,NA,NA,NA,500005,22947569
3/8/2021,504453,Monday,Swami Dayananda Saraswati Jayanti (R),Restricted,504423,23691577
3/9/2021,489408,NA,NA,NA,489378,24502016
3/10/2021,500724,NA,NA,NA,500694,25396111
3/11/2021,500724,Thursday,Maha Shivaratri (R),Restricted,500694,26342024
3/12/2021,505604,NA,NA,NA,505574,27382667
3/13/2021,518914,NA,NA,NA,518884,28483877
3/14/2021,527758,NA,NA,NA,527728,29674837
3/15/2021,536712,NA,NA,NA,536682,30965202
3/16/2021,541144,NA,NA,NA,541114,32346849
3/17/2021,552494,NA,NA,NA,552464,33836743
3/18/2021,570796,NA,NA,NA,570766,35439865
3/19/2021,590022,NA,NA,NA,589992,37155936
3/20/2021,607510,NA,NA,NA,607480,38958951
3/21/2021,628597,NA,NA,NA,628567,40874085
3/22/2021,654580,NA,NA,NA,654550,42906230
3/23/2021,665709,NA,NA,NA,665679,45054106
3/24/2021,689339,NA,NA,NA,689309,47320425
3/25/2021,716576,NA,NA,NA,716546,49698459
3/26/2021,742964,NA,NA,NA,742934,52185787
3/27/2021,775127,NA,NA,NA,775097,54720815
3/28/2021,809414,Sunday,Holika Dahan/Dolyatra (R),Restricted,809384,57326771
3/29/2021,845494,Monday,Holi (G),Gazetted,845464,60011835
3/30/2021,864948,NA,NA,NA,864918,62753229
3/31/2021,877502,NA,NA,NA,877472,65580697
4/1/2021,914385,NA,NA,NA,914355,68483923
4/2/2021,941488,Friday,Good Friday (G),Gazetted,941458,71421098
4/3/2021,987129,NA,NA,NA,987099,74371559
4/4/2021,1020843,Sunday,Easter Sunday (R),Restricted,1020813,77324035
4/5/2021,1072032,NA,NA,NA,1072002,80329926
4/6/2021,1119317,NA,NA,NA,1119287,83371224
4/7/2021,1175827,NA,NA,NA,1175797,86451893
4/8/2021,1244043,NA,NA,NA,1244013,89497438
4/9/2021,1314892,NA,NA,NA,1314862,92490864
4/10/2021,1383503,NA,NA,NA,1383473,95391177
4/11/2021,1446637,NA,NA,NA,1446607,98220167
4/12/2021,1541367,NA,NA,NA,1541337,101000689
4/13/2021,1606814,Tuesday,Chaitra Sukladi/ Gudi Padava/ Ugadi/Cheti Chand/ Vaisakhi/ Vishu (R),Restricted,1606784,103688849
4/14/2021,1709874,Wednesday,Mesadi Tamil New Year's Day (R),Restricted,1709844,106288251
4/15/2021,1818123,Thursday,Vaisakhadi (Bengal)/ Bahag Bihu (Assam) (R),Restricted,1818093,108737403
4/16/2021,1918359,NA,NA,NA,1918329,110985057
4/17/2021,2031038,NA,NA,NA,2031008,112977901
4/18/2021,2155616,NA,NA,NA,2155586,114740078
4/19/2021,2286867,NA,NA,NA,2286837,116288584
4/20/2021,2393037,NA,NA,NA,2393007,117612304
4/21/2021,2522644,Wednesday,Ram Navami (G),Gazetted,2522614,118733717
4/22/2021,2660742,NA,NA,NA,2660712,119615004
4/23/2021,2802456,NA,NA,NA,2802426,120282418
4/24/2021,2932028,NA,NA,NA,2931998,120681206
4/25/2021,3067373,Sunday,Mahavir Jayanti (G),Gazetted,3067343,120867545
4/26/2021,3203904,NA,NA,NA,3203874,120850549
4/27/2021,3277992,NA,NA,NA,3277962,120627587
4/28/2021,3381083,NA,NA,NA,3381053,120223343
4/29/2021,3494478,NA,NA,NA,3494448,119608712
4/30/2021,3586888,NA,NA,NA,3586858,118798526
5/1/2021,3692416,NA,NA,NA,3692386,117770948
5/2/2021,3780728,NA,NA,NA,3780698,116542381
5/3/2021,3851560,NA,NA,NA,3851530,115151044
5/4/2021,3891949,NA,NA,NA,3891919,113616881
5/5/2021,3939605,NA,NA,NA,3939575,111968344
5/6/2021,4026734,NA,NA,NA,4026704,110200056
5/7/2021,4113330,Friday,Jamat-Ul-Vida (R),Restricted,4113300,108273303
5/8/2021,4199986,NA,NA,NA,4199956,106166293
5/9/2021,4221372,Sunday,Guru Rabindranath's Birthday (R),Restricted,4221342,103904778
5/10/2021,4237469,NA,NA,NA,4237439,101570710
5/11/2021,4215205,NA,NA,NA,4215175,99181070
5/12/2021,4212493,NA,NA,NA,4212463,96780717
5/13/2021,4227159,NA,NA,NA,4227129,94335151
5/14/2021,4229527,Friday,Id-ul- Fitr (G),Gazetted,4229497,91829760
5/15/2021,4206216,NA,NA,NA,4206186,89267673
5/16/2021,4159026,NA,NA,NA,4158996,86686035
5/17/2021,4065777,NA,NA,NA,4065747,84117555
5/18/2021,3911203,NA,NA,NA,3911173,81617414
5/19/2021,3793215,NA,NA,NA,3793185,79236504
5/20/2021,3704122,NA,NA,NA,3704092,76945958
5/21/2021,3610587,NA,NA,NA,3610557,74720993
5/22/2021,3514450,NA,NA,NA,3514420,72551531
5/23/2021,3403931,NA,NA,NA,3403901,70461595
5/24/2021,3328156,NA,NA,NA,3328126,68468683
5/25/2021,3201244,NA,NA,NA,3201214,66540015
5/26/2021,3118367,Wednesday,Buddha Purnima (G),Gazetted,3118337,64723322
5/27/2021,3050377,NA,NA,NA,3050347,62982860
5/28/2021,2980942,NA,NA,NA,2980912,61298937
5/29/2021,2873748,NA,NA,NA,2873718,59665928
5/30/2021,2766452,NA,NA,NA,2766422,58126152
5/31/2021,2684292,NA,NA,NA,2684262,56681875
6/1/2021,2559310,NA,NA,NA,2559280,55307844
6/2/2021,2463849,NA,NA,NA,2463819,54046167
6/3/2021,2389391,NA,NA,NA,2389361,52871678
6/4/2021,2317397,NA,NA,NA,2317367,51769814
6/5/2021,2243412,NA,NA,NA,2243382,50723336
6/6/2021,2171317,NA,NA,NA,2171287,49748266
6/7/2021,2099981,NA,NA,NA,2099951,48847709
6/8/2021,2006320,NA,NA,NA,2006290,48018333
6/9/2021,1938471,NA,NA,NA,1938441,47281336
6/10/2021,1887304,NA,NA,NA,1887274,46613063
6/11/2021,1847829,NA,NA,NA,1847799,45994186
6/12/2021,1814852,NA,NA,NA,1814822,45400703
6/13/2021,1766927,NA,NA,NA,1766897,44838613
6/14/2021,1721768,NA,NA,NA,1721738,44327705
6/15/2021,1667440,NA,NA,NA,1667410,43861421
6/16/2021,1624578,NA,NA,NA,1624548,43444188
6/17/2021,1590546,NA,NA,NA,1590516,43069488
6/18/2021,1565636,NA,NA,NA,1565606,42728823
6/19/2021,1530293,NA,NA,NA,1530263,42398281
6/20/2021,1502669,NA,NA,NA,1502639,42112118
6/21/2021,1479157,NA,NA,NA,1479127,41856817
6/22/2021,1441125,NA,NA,NA,1441095,41622113
6/23/2021,1424514,NA,NA,NA,1424484,41429997
6/24/2021,1411019,NA,NA,NA,1410989,41254797
6/25/2021,1399488,NA,NA,NA,1399458,41096901
6/26/2021,1384551,NA,NA,NA,1384521,40938277
6/27/2021,1377905,NA,NA,NA,1377875,40797206
6/28/2021,1366454,NA,NA,NA,1366424,40668465
6/29/2021,1347933,NA,NA,NA,1347903,40553600
6/30/2021,1333972,NA,NA,NA,1333942,40462207
7/1/2021,1322175,NA,NA,NA,1322145,40387889
7/2/2021,1310261,NA,NA,NA,1310231,40328978
7/3/2021,1297633,NA,NA,NA,1297603,40274065
7/4/2021,1289360,NA,NA,NA,1289330,40238299
7/5/2021,1287527,NA,NA,NA,1287497,40212595
7/6/2021,1270919,NA,NA,NA,1270889,40192735
7/7/2021,1268342,NA,NA,NA,1268312,40188711
7/8/2021,1270760,NA,NA,NA,1270730,40182915
7/9/2021,1270605,NA,NA,NA,1270575,40170961
7/10/2021,1269323,NA,NA,NA,1269293,40146228
7/11/2021,1270198,NA,NA,NA,1270168,38876905
7/12/2021,1268427,Monday,Rath Yatra (R),Restricted,1268397,37606707
7/13/2021,1254346,NA,NA,NA,1254316,36338280
7/14/2021,1252762,NA,NA,NA,1252732,35083934
7/15/2021,1256019,NA,NA,NA,1255989,33831172
7/16/2021,1255484,NA,NA,NA,1255454,32575153
7/17/2021,1250207,NA,NA,NA,1250177,31319669
7/18/2021,1249878,NA,NA,NA,1249848,30069462
7/19/2021,1249881,NA,NA,NA,1249851,28819584
7/20/2021,1235094,NA,NA,NA,1235064,27569703
7/21/2021,1244130,Wednesday,Id-ul-Zuha (Bakrid) (G),Gazetted,1244100,26334609
7/22/2021,1247368,NA,NA,NA,1247338,25090479
7/23/2021,1244453,NA,NA,NA,1244423,23843111
7/24/2021,1249009,NA,NA,NA,1248979,22598658
7/25/2021,1249314,NA,NA,NA,1249284,21349649
7/26/2021,1253123,NA,NA,NA,1253093,20100335
7/27/2021,1240864,NA,NA,NA,1240834,18847212
7/28/2021,1243480,NA,NA,NA,1243450,17606348
7/29/2021,1249164,NA,NA,NA,1249134,16362868
7/30/2021,1251589,NA,NA,NA,1251559,15113704
7/31/2021,1256540,NA,NA,NA,1256510,13862115
8/1/2021,1259654,NA,NA,NA,1259624,12605575
8/2/2021,1263264,NA,NA,NA,1263234,11345921
8/3/2021,1255348,NA,NA,NA,1255318,10082657
8/4/2021,1261867,NA,NA,NA,1261837,8827309
8/5/2021,1263656,NA,NA,NA,1263626,7565442
8/6/2021,1267667,NA,NA,NA,1267637,6301786
8/7/2021,1266895,NA,NA,NA,1266865,5034119
8/8/2021,1262546,NA,NA,NA,1262516,3767224
8/9/2021,1258806,NA,NA,NA,1258776,2504678
8/10/2021,1245872,NA,NA,NA,1245842,1245872
,,,,,,
,,,,,,
,,,,,,
,,,,,,
,,,,,,
,,,,,,
,,,,,,
,,,,,,
,,,,,,
,,,,,,
,,,,,,
,,,,,,
,,,,,,
,,,,,,
,,,,,,
,,,,,,
,,,,,,
,,,,,,
,,,,,,
,,,,,,
,,,,,,
,,,,,,
,,,,,,
,,,,,,
,,,,,,
,,,,,,
,,,,,,
,,,,,,
,,,,,,
,,,,,,
,,,,,,
,,,,,,
,,,,,,
,,,,,,
,,,,,,
,,,,,,
,,,,,,
,,,,,,
,,,,,,
,,,,,,
,,,,,,
,,,,,,
,,,,,,
,,,,,,
,,,,,,
,,,,,,
,,,,,,
,,,,,,
,,,,,,
,,,,,,
,,,,,,
,,,,,,
,,,,,,
,,,,,,
,,,,,,
,,,,,,
,,,,,,
,,,,,,
,,,,,,
,,,,,,
,,,,,,
,,,,,,
,,,,,,
,,,,,,
,,,,,,
,,,,,,
,,,,,,
,,,,,,
,,,,,,
,,,,,,
,,,,,,
,,,,,,
,,,,,,
,,,,,,
,,,,,,
,,,,,,
,,,,,,
,,,,,,
,,,,,,
,,,,,,
,,,,,,
,,,,,,
,,,,,,
,,,,,,
,,,,,,
,,,,,,
,,,,,,
,,,,,,
,,,,,,
,,,,,,
,,,,,,
,,,,,,
,,,,,,
,,,,,,
,,,,,,
,,,,,,
,,,,,,
,,,,,,
,,,,,,
,,,,,,
,,,,,,
,,,,,,
,,,,,,
,,,,,,
,,,,,,
,,,,,,
,,,,,,
,,,,,,
,,,,,,
,,,,,,
,,,,,,
,,,,,,
,,,,,,
,,,,,,
,,,,,,
,,,,,,
,,,,,,
,,,,,,
,,,,,,
,,,,,,
,,,,,,
,,,,,,
,,,,,,
,,,,,,
,,,,,,
,,,,,,
,,,,,,
,,,,,,
,,,,,,
,,,,,,
,,,,,,
,,,,,,
,,,,,,
,,,,,,
,,,,,,
,,,,,,
,,,,,,
,,,,,,
,,,,,,
,,,,,,
,,,,,,
,,,,,,
,,,,,,
,,,,,,
,,,,,,
,,,,,,
,,,,,,
,,,,,,
,,,,,,
,,,,,,
,,,,,,
,,,,,,
,,,,,,
,,,,,,
,,,,,,
,,,,,,
,,,,,,
,,,,,,
,,,,,,
,,,,,,
,,,,,,
,,,,,,
,,,,,,
,,,,,,
,,,,,,
,,,,,,
,,,,,,
,,,,,,
,,,,,,
,,,,,,
,,,,,,
,,,,,,
,,,,,,
,,,,,,
,,,,,,
,,,,,,
,,,,,,
,,,,,,
,,,,,,
,,,,,,
,,,,,,
,,,,,,
,,,,,,
,,,,,,
,,,,,,
,,,,,,
,,,,,,
,,,,,,
,,,,,,
,,,,,,
,,,,,,
,,,,,,
,,,,,,
,,,,,,
,,,,,,
,,,,,,
,,,,,,
,,,,,,
,,,,,,
,,,,,,
,,,,,,
,,,,,,
,,,,,,
,,,,,,
,,,,,,
,,,,,,
,,,,,,
,,,,,,
,,,,,,
,,,,,,
,,,,,,
,,,,,,
,,,,,,
,,,,,,
,,,,,,
,,,,,,
,,,,,,
,,,,,,
,,,,,,
,,,,,,
,,,,,,
,,,,,,
,,,,,,
,,,,,,
,,,,,,
,,,,,,
,,,,,,
,,,,,,
,,,,,,
,,,,,,
,,,,,,
,,,,,,
,,,,,,
